region,date,total_claims,avg_processing_time,total_claim_amount,avg_claim_amount,high_priority_claims,approved_claims,rejected_claims,policy_change_flag,weather_disruption_flag,weekday,month,is_holiday,day_of_week,is_weekend,lag_1,lag_7,rolling_avg_7,rolling_std_7
East,2023-01-08,1.0,299.0,5721.27,5721.27,0.0,0.0,0.0,False,False,6.0,1.0,1,6,1,0.0,29.0,2.5714285714285716,1.718249385968443
East,2023-01-09,4.0,209.0,21309.98,5327.495,0.0,0.0,0.0,False,False,0.0,1.0,0,0,0,1.0,2.0,2.857142857142857,1.7728105208558307
East,2023-01-10,2.0,93.0,9056.65,4528.325,0.0,0.0,0.0,False,False,1.0,1.0,0,1,0,4.0,3.0,2.7142857142857144,1.7994708216848687
East,2023-01-11,6.0,160.16666666666666,46237.41,7706.235000000001,0.0,0.0,0.0,False,False,2.0,1.0,0,2,0,2.0,4.0,3.0,2.160246899469282
East,2023-01-12,3.0,83.66666666666667,13843.76,4614.586666666667,0.0,0.0,0.0,False,False,3.0,1.0,0,3,0,6.0,5.0,2.7142857142857144,1.976047040118702
East,2023-02-01,1.0,290.0,4226.19,4226.19,0.0,0.0,0.0,False,False,2.0,2.0,0,2,0,0.0,0.0,0.14285714285714285,0.3779644730091889
East,2023-02-02,2.0,226.5,9291.32,4645.66,0.0,0.0,0.0,False,False,3.0,2.0,0,3,0,1.0,0.0,0.42857142857142855,0.7867957924694253
East,2023-02-03,5.0,169.6,30536.78,6107.356,1.0,0.0,0.0,False,False,4.0,2.0,0,4,0,2.0,0.0,1.1428571428571428,1.8644544714716018
East,2023-02-04,3.0,196.0,8698.93,2899.6433333333334,0.0,0.0,0.0,False,False,5.0,2.0,1,5,1,5.0,0.0,1.5714285714285714,1.902379462422677
East,2023-02-05,3.0,153.33333333333334,20882.41,6960.803333333333,0.0,0.0,0.0,False,False,6.0,2.0,1,6,1,3.0,0.0,2.0,1.8257418583505471
East,2023-02-06,6.0,150.5,20165.260000000002,3360.876666666667,2.0,0.0,0.0,False,False,0.0,2.0,0,0,0,3.0,0.0,2.857142857142857,2.11570094204981
East,2023-02-07,5.0,207.6,33159.189999999995,6631.837999999999,1.0,0.0,0.0,False,False,1.0,2.0,0,1,0,6.0,0.0,3.5714285714285716,1.812653934349926
East,2023-02-08,2.0,205.5,7924.6900000000005,3962.3450000000003,0.0,0.0,0.0,False,False,2.0,2.0,0,2,0,5.0,1.0,3.7142857142857144,1.6035674514745404
East,2023-02-09,3.0,128.33333333333334,16158.06,5386.0199999999995,0.0,0.0,0.0,False,False,3.0,2.0,0,3,0,2.0,2.0,3.857142857142857,1.4638501094227934
East,2023-02-10,5.0,218.0,17091.39,3418.278,1.0,0.0,0.0,False,False,4.0,2.0,0,4,0,3.0,5.0,3.857142857142857,1.4638501094227934
East,2023-02-11,1.0,195.0,1429.6,1429.6,0.0,0.0,0.0,False,False,5.0,2.0,1,5,1,5.0,3.0,3.5714285714285716,1.812653934349926
East,2023-02-12,1.0,41.0,1895.25,1895.25,0.0,0.0,0.0,False,False,6.0,2.0,1,6,1,1.0,3.0,3.2857142857142856,2.058663459163546
East,2023-03-01,3.0,187.66666666666666,20869.73,6956.576666666667,1.0,0.0,0.0,True,False,2.0,3.0,0,2,0,0.0,0.0,0.42857142857142855,1.1338934190276677
East,2023-03-02,2.0,168.5,11395.57,5697.785,0.0,0.0,0.0,True,False,3.0,3.0,0,3,0,3.0,0.0,0.7142857142857143,1.2535663410560054
East,2023-03-03,1.0,166.0,5980.34,5980.34,0.0,0.0,0.0,True,False,4.0,3.0,0,4,0,2.0,0.0,0.8571428571428571,1.2149857925878993
East,2023-03-04,4.0,128.0,18720.780000000002,4680.195000000001,3.0,0.0,0.0,True,False,5.0,3.0,1,5,1,1.0,0.0,1.4285714285714286,1.6183471874253657
East,2023-03-05,4.0,242.75,25621.53,6405.3825,1.0,0.0,0.0,True,False,6.0,3.0,1,6,1,4.0,0.0,2.0,1.73205080756887
East,2023-03-06,3.0,213.0,9109.32,3036.44,0.0,0.0,0.0,True,False,0.0,3.0,0,0,0,4.0,0.0,2.4285714285714284,1.511857892036901
East,2023-03-07,1.0,116.0,2820.49,2820.49,0.0,0.0,0.0,True,False,1.0,3.0,0,1,0,3.0,0.0,2.5714285714285716,1.2724180205606943
East,2023-03-08,1.0,179.0,3648.9,3648.9,0.0,0.0,0.0,True,False,2.0,3.0,0,2,0,1.0,3.0,2.2857142857142856,1.3801311186846996
East,2023-03-10,4.0,103.5,23263.29,5815.8225,0.0,0.0,0.0,True,False,4.0,3.0,0,4,0,0.0,1.0,2.4285714285714284,1.718249385968442
East,2023-03-11,2.0,127.0,6762.13,3381.065,1.0,0.0,0.0,False,True,5.0,3.0,1,5,1,4.0,4.0,2.142857142857143,1.5735915849388784
East,2023-03-12,2.0,112.5,18120.58,9060.29,0.0,0.0,0.0,False,False,6.0,3.0,1,6,1,2.0,4.0,1.8571428571428572,1.345185418269089
East,2023-04-02,1.0,219.0,1909.41,1909.41,1.0,0.0,0.0,False,False,6.0,4.0,1,6,1,0.0,0.0,0.14285714285714285,0.3779644730091854
East,2023-04-03,1.0,274.0,4034.86,4034.86,0.0,0.0,0.0,False,False,0.0,4.0,0,0,0,1.0,0.0,0.2857142857142857,0.4879500364742347
East,2023-04-04,3.0,117.0,15977.89,5325.963333333333,1.0,0.0,0.0,False,False,1.0,4.0,0,1,0,1.0,0.0,0.7142857142857143,1.1126972805283604
East,2023-04-05,3.0,175.0,13664.58,4554.86,2.0,0.0,0.0,False,False,2.0,4.0,0,2,0,3.0,0.0,1.1428571428571428,1.3451854182690879
East,2023-04-06,2.0,133.5,6510.2699999999995,3255.1349999999998,0.0,0.0,0.0,False,False,3.0,4.0,0,3,0,3.0,0.0,1.4285714285714286,1.2724180205606928
East,2023-04-07,3.0,101.0,25677.79,8559.263333333334,0.0,0.0,0.0,False,False,4.0,4.0,0,4,0,2.0,0.0,1.8571428571428572,1.2149857925879008
East,2023-04-08,2.0,166.0,14032.09,7016.045,0.0,0.0,0.0,False,False,5.0,4.0,1,5,1,3.0,0.0,2.142857142857143,0.8997354108424233
East,2023-04-10,1.0,96.0,6088.63,6088.63,0.0,0.0,0.0,False,False,0.0,4.0,0,0,0,0.0,1.0,2.0,1.1547005383792404
East,2023-04-11,2.0,182.5,17697.63,8848.815,0.0,0.0,0.0,False,False,5.0,11.0,0,1,0,1.0,3.0,1.8571428571428572,1.0690449676496854
East,2023-04-12,3.0,206.0,14905.619999999999,4968.54,0.0,0.0,0.0,False,False,0.0,12.0,0,2,0,2.0,3.0,1.8571428571428572,1.0690449676496854
East,2023-05-01,1.0,267.0,9757.09,9757.09,0.0,0.0,0.0,False,True,3.0,1.0,0,0,0,0.0,0.0,0.14285714285714285,0.377964473009185
East,2023-05-02,4.0,217.75,12346.189999999999,3086.5474999999997,3.0,0.0,0.0,False,False,6.0,2.0,0,1,0,1.0,0.0,0.7142857142857143,1.4960264830861814
East,2023-05-03,1.0,168.0,4687.65,4687.65,0.0,0.0,0.0,False,False,6.0,3.0,0,2,0,4.0,0.0,0.8571428571428571,1.4638501094227898
East,2023-05-04,4.0,155.75,22051.29,5512.8225,2.0,0.0,0.0,False,False,2.0,4.0,1,3,0,1.0,0.0,1.4285714285714286,1.812653934349924
East,2023-05-05,4.0,219.75,15240.9,3810.225,2.0,0.0,0.0,False,False,4.0,5.0,0,4,0,4.0,0.0,2.0,1.9148542155126695
East,2023-05-06,3.0,146.33333333333334,16451.89,5483.963333333333,1.0,0.0,0.0,False,True,0.0,6.0,0,5,1,4.0,0.0,2.4285714285714284,1.718249385968442
East,2023-05-07,3.0,179.0,7368.950000000001,2456.316666666667,1.0,0.0,0.0,False,False,2.0,7.0,0,6,1,3.0,0.0,2.857142857142857,1.34518541826909
East,2023-05-08,2.0,241.0,10246.630000000001,5123.3150000000005,1.0,0.0,0.0,False,False,5.0,8.0,0,0,0,3.0,1.0,3.0,1.154700538379242
East,2023-05-09,2.0,202.0,10563.29,5281.645,0.0,0.0,0.0,False,False,1.0,9.0,0,1,0,2.0,4.0,2.7142857142857144,1.112697280528363
East,2023-05-10,2.0,65.0,14678.67,7339.335,0.0,0.0,0.0,False,True,3.0,10.0,0,2,0,2.0,1.0,2.857142857142857,0.8997354108424246
East,2023-05-11,4.0,123.75,24906.72,6226.68,1.0,0.0,0.0,False,False,6.0,11.0,0,3,0,2.0,4.0,2.857142857142857,0.8997354108424246
East,2023-05-12,3.0,175.66666666666666,16945.43,5648.4766666666665,1.0,0.0,0.0,False,False,1.0,12.0,0,4,0,4.0,4.0,2.7142857142857144,0.7559289460184391
East,2023-06-01,3.0,120.33333333333333,16058.42,5352.806666666666,0.0,0.0,0.0,False,False,4.0,1.0,0,3,0,0.0,0.0,0.42857142857142855,1.1338934190276684
East,2023-06-02,3.0,148.0,16763.36,5587.786666666667,0.0,0.0,0.0,False,True,0.0,2.0,0,4,0,3.0,0.0,0.8571428571428571,1.4638501094227898
East,2023-06-03,2.0,102.5,11772.75,5886.375,0.0,0.0,0.0,False,False,0.0,3.0,0,5,1,3.0,0.0,1.1428571428571428,1.4638501094227903
East,2023-06-04,4.0,105.0,25695.35,6423.8375,0.0,0.0,0.0,False,False,3.0,4.0,0,6,1,2.0,0.0,1.7142857142857142,1.7043362064926857
East,2023-06-05,1.0,85.0,5477.76,5477.76,0.0,0.0,0.0,False,False,5.0,5.0,0,0,0,4.0,0.0,1.8571428571428572,1.573591584938878
East,2023-06-06,7.0,147.71428571428572,41314.75,5902.107142857143,2.0,0.0,0.0,False,False,1.0,6.0,0,1,0,1.0,0.0,2.857142857142857,2.267786838055358
East,2023-06-07,3.0,166.0,15235.65,5078.55,0.0,0.0,0.0,False,False,3.0,7.0,0,2,0,7.0,0.0,3.2857142857142856,1.8898223650461299
East,2023-06-08,1.0,34.0,8721.62,8721.62,0.0,0.0,0.0,False,False,6.0,8.0,0,3,0,3.0,3.0,3.0,2.081665999466127
East,2023-06-09,3.0,190.66666666666666,15075.41,5025.136666666666,0.0,0.0,0.0,False,False,2.0,9.0,0,4,0,1.0,3.0,3.0,2.081665999466127
East,2023-06-10,1.0,153.0,3903.65,3903.65,0.0,0.0,0.0,False,True,4.0,10.0,0,5,1,3.0,2.0,2.857142857142857,2.1930626551751287
East,2023-06-11,2.0,274.5,10478.14,5239.07,0.0,0.0,0.0,False,False,0.0,11.0,0,6,1,1.0,4.0,2.5714285714285716,2.1491969707422336
East,2023-06-12,6.0,210.33333333333334,30435.01,5072.501666666666,1.0,0.0,0.0,False,False,2.0,12.0,0,0,0,2.0,1.0,3.2857142857142856,2.3603873774083244
East,2023-07-02,2.0,76.0,16304.41,8152.205,0.0,0.0,0.0,False,False,1.0,2.0,0,6,1,0.0,0.0,0.2857142857142857,0.7559289460184364
East,2023-07-04,2.0,196.5,9215.369999999999,4607.6849999999995,0.0,0.0,0.0,False,False,4.0,4.0,0,1,0,0.0,0.0,0.5714285714285714,0.9759000729485193
East,2023-07-05,1.0,167.0,8227.33,8227.33,0.0,0.0,0.0,False,False,6.0,5.0,0,2,0,2.0,0.0,0.7142857142857143,0.9511897312113278
East,2023-07-06,4.0,66.75,26953.54,6738.385,2.0,0.0,0.0,False,True,2.0,6.0,0,3,0,1.0,0.0,1.2857142857142858,1.4960264830861825
East,2023-07-07,5.0,99.8,26379.660000000003,5275.932000000001,0.0,0.0,0.0,False,False,4.0,7.0,0,4,0,4.0,0.0,2.0,1.9148542155126693
East,2023-07-08,5.0,165.0,41728.59,8345.717999999999,0.0,0.0,0.0,False,False,0.0,8.0,0,5,1,5.0,0.0,2.7142857142857144,1.976047040118701
East,2023-07-09,3.0,177.0,21972.84,7324.28,0.0,0.0,0.0,False,True,3.0,9.0,0,6,1,5.0,2.0,2.857142857142857,1.9518001458970597
East,2023-07-10,1.0,113.0,5194.03,5194.03,0.0,0.0,0.0,False,False,5.0,10.0,0,0,0,3.0,0.0,3.0,1.73205080756887
East,2023-07-11,1.0,143.0,1836.2,1836.2,0.0,0.0,0.0,False,False,1.0,11.0,0,1,0,1.0,2.0,2.857142857142857,1.864454471471602
East,2023-07-12,2.0,130.5,15538.619999999999,7769.3099999999995,0.0,0.0,0.0,False,True,3.0,12.0,1,2,0,1.0,1.0,3.0,1.73205080756887
East,2023-08-01,2.0,132.5,16564.35,8282.175,0.0,0.0,0.0,False,False,6.0,1.0,0,1,0,0.0,0.0,0.2857142857142857,0.7559289460184362
East,2023-08-02,1.0,280.0,9985.13,9985.13,0.0,0.0,0.0,False,True,2.0,2.0,0,2,0,2.0,0.0,0.42857142857142855,0.7867957924694257
East,2023-08-03,3.0,246.33333333333334,22480.19,7493.3966666666665,0.0,0.0,0.0,False,False,2.0,3.0,1,3,0,1.0,0.0,0.8571428571428571,1.2149857925879006
East,2023-08-04,1.0,277.0,6527.68,6527.68,0.0,0.0,0.0,False,False,5.0,4.0,0,4,0,3.0,0.0,1.0,1.1547005383792397
East,2023-08-07,1.0,273.0,3610.83,3610.83,0.0,0.0,0.0,False,False,5.0,7.0,0,0,0,0.0,0.0,1.1428571428571428,1.069044967649685
East,2023-08-08,3.0,161.66666666666666,24751.440000000002,8250.480000000001,1.0,0.0,0.0,False,False,1.0,8.0,0,1,0,1.0,2.0,1.2857142857142858,1.2535663410560067
East,2023-08-11,1.0,195.0,7606.04,7606.04,0.0,0.0,0.0,False,False,2.0,11.0,0,4,0,0.0,1.0,0.7142857142857143,1.1126972805283615
East,2023-08-12,2.0,202.5,9585.39,4792.695,0.0,0.0,0.0,True,False,4.0,12.0,0,5,1,1.0,0.0,1.0,1.15470053837924
East,2023-09-01,4.0,182.5,15418.060000000001,3854.5150000000003,0.0,0.0,0.0,False,False,0.0,1.0,0,4,0,0.0,0.0,0.5714285714285714,1.5118578920369
East,2023-09-03,5.0,145.0,31083.87,6216.773999999999,1.0,0.0,0.0,True,False,3.0,3.0,0,6,1,0.0,0.0,1.2857142857142858,2.214669705568277
East,2023-09-04,1.0,287.0,7148.03,7148.03,0.0,0.0,0.0,False,True,6.0,4.0,0,0,0,5.0,0.0,1.4285714285714286,2.1491969707422336
East,2023-09-05,2.0,117.5,10918.67,5459.335,0.0,0.0,0.0,False,False,1.0,5.0,0,1,0,1.0,0.0,1.7142857142857142,2.0586634591635447
East,2023-09-06,5.0,210.0,33292.06,6658.411999999999,1.0,0.0,0.0,False,False,4.0,6.0,0,2,0,2.0,0.0,2.4285714285714284,2.2253945610567416
East,2023-09-07,2.0,122.0,11025.8,5512.9,0.0,0.0,0.0,False,False,6.0,7.0,0,3,0,5.0,0.0,2.7142857142857144,1.976047040118701
East,2023-09-08,3.0,157.0,18135.64,6045.213333333333,0.0,0.0,0.0,False,False,2.0,8.0,0,4,0,2.0,4.0,2.5714285714285716,1.9023794624226769
East,2023-09-09,6.0,226.16666666666666,37916.840000000004,6319.473333333334,2.0,0.0,0.0,False,False,5.0,9.0,0,5,1,3.0,0.0,3.4285714285714284,1.902379462422677
East,2023-09-10,5.0,179.6,37431.51,7486.302000000001,0.0,0.0,0.0,False,False,0.0,10.0,0,6,1,6.0,5.0,3.4285714285714284,1.902379462422677
East,2023-09-11,2.0,237.5,8756.64,4378.32,1.0,0.0,0.0,False,False,3.0,11.0,0,0,0,5.0,1.0,3.5714285714285716,1.7182493859684418
East,2023-09-12,2.0,154.0,13316.64,6658.32,0.0,0.0,0.0,False,False,5.0,12.0,0,1,0,2.0,2.0,3.5714285714285716,1.7182493859684418
East,2023-10-01,3.0,198.0,9061.16,3020.3866666666668,1.0,0.0,0.0,False,False,1.0,1.0,0,6,1,0.0,0.0,0.42857142857142855,1.1338934190276693
East,2023-10-03,2.0,188.5,11905.08,5952.54,0.0,0.0,0.0,False,False,4.0,3.0,0,1,0,0.0,0.0,0.7142857142857143,1.2535663410560063
East,2023-10-04,2.0,156.5,15575.14,7787.57,1.0,0.0,0.0,False,False,0.0,4.0,0,2,0,2.0,0.0,1.0,1.2909944487357947
East,2023-10-05,1.0,271.0,1539.33,1539.33,0.0,0.0,0.0,False,False,2.0,5.0,1,3,0,2.0,0.0,1.1428571428571428,1.2149857925879004
East,2023-10-06,2.0,262.5,11949.2,5974.6,0.0,0.0,0.0,False,False,5.0,6.0,0,4,0,1.0,0.0,1.4285714285714286,1.1338934190276695
East,2023-10-07,3.0,183.66666666666666,14388.029999999999,4796.009999999999,1.0,0.0,0.0,False,False,0.0,7.0,0,5,1,2.0,0.0,1.8571428571428572,1.0690449676496847
East,2023-10-08,4.0,161.75,20711.670000000002,5177.9175000000005,1.0,0.0,0.0,False,False,3.0,8.0,0,6,1,3.0,3.0,2.0,1.2909944487357952
East,2023-10-09,2.0,189.0,12135.99,6067.995,0.0,0.0,0.0,False,False,6.0,9.0,0,0,0,4.0,0.0,2.2857142857142856,0.9511897312113275
East,2023-10-11,2.0,133.5,10640.44,5320.22,0.0,0.0,0.0,False,False,4.0,11.0,0,2,0,0.0,2.0,2.0,1.2909944487357952
East,2023-10-12,4.0,140.25,32638.82,8159.705,1.0,0.0,0.0,False,False,6.0,12.0,0,3,0,2.0,1.0,2.4285714285714284,1.397276262011534
East,2023-11-02,3.0,219.66666666666666,17070.46,5690.153333333333,1.0,0.0,0.0,False,False,5.0,2.0,0,3,0,0.0,0.0,0.42857142857142855,1.1338934190276706
East,2023-11-03,2.0,120.0,6047.26,3023.63,0.0,0.0,0.0,False,False,5.0,3.0,0,4,0,3.0,0.0,0.7142857142857143,1.2535663410560074
East,2023-11-04,2.0,230.0,16948.7,8474.35,0.0,0.0,0.0,False,False,1.0,4.0,0,5,1,2.0,0.0,1.0,1.2909944487357956
East,2023-11-05,4.0,217.75,25624.230000000003,6406.057500000001,2.0,0.0,0.0,False,False,3.0,5.0,0,6,1,2.0,0.0,1.5714285714285714,1.6183471874253659
East,2023-11-06,1.0,262.0,6647.56,6647.56,0.0,0.0,0.0,False,False,6.0,6.0,0,0,0,4.0,0.0,1.7142857142857142,1.4960264830861825
East,2023-11-07,1.0,262.0,5615.94,5615.94,0.0,0.0,0.0,False,False,1.0,7.0,0,1,0,1.0,0.0,1.8571428571428572,1.3451854182690886
East,2023-11-08,1.0,144.0,9620.37,9620.37,0.0,0.0,0.0,False,False,4.0,8.0,0,2,0,1.0,0.0,2.0,1.15470053837924
East,2023-11-09,4.0,269.75,21137.68,5284.42,2.0,0.0,0.0,True,False,0.0,9.0,0,3,0,1.0,3.0,2.142857142857143,1.3451854182690886
East,2023-11-10,2.0,171.5,14414.75,7207.375,0.0,0.0,0.0,False,False,2.0,10.0,1,4,0,4.0,2.0,2.142857142857143,1.3451854182690886
East,2023-11-11,3.0,116.0,13763.210000000001,4587.736666666667,0.0,0.0,0.0,False,False,5.0,11.0,0,5,1,2.0,2.0,2.2857142857142856,1.3801311186846987
East,2023-11-12,2.0,222.0,11202.599999999999,5601.299999999999,0.0,0.0,0.0,False,False,0.0,12.0,0,6,1,3.0,4.0,2.0,1.15470053837924
East,2023-12-01,1.0,278.0,5058.19,5058.19,1.0,0.0,0.0,False,False,3.0,1.0,0,4,0,0.0,0.0,0.14285714285714285,0.37796447300919317
East,2023-12-02,3.0,174.0,15173.42,5057.806666666666,1.0,0.0,0.0,False,False,6.0,2.0,0,5,1,1.0,0.0,0.5714285714285714,1.1338934190276702
East,2023-12-03,4.0,241.0,31224.89,7806.2225,0.0,0.0,0.0,False,False,6.0,3.0,0,6,1,3.0,0.0,1.1428571428571428,1.6761634196950437
East,2023-12-04,2.0,151.5,5734.92,2867.46,0.0,0.0,0.0,True,False,2.0,4.0,0,0,0,4.0,0.0,1.4285714285714286,1.6183471874253659
East,2023-12-05,4.0,168.5,25276.97,6319.2425,1.0,0.0,0.0,False,False,4.0,5.0,0,1,0,2.0,0.0,2.0,1.7320508075688696
East,2023-12-06,3.0,208.33333333333334,17745.25,5915.083333333333,1.0,0.0,0.0,False,False,0.0,6.0,0,2,0,4.0,0.0,2.4285714285714284,1.5118578920369001
East,2023-12-07,3.0,180.66666666666666,13810.66,4603.553333333333,0.0,0.0,0.0,False,False,2.0,7.0,0,3,0,3.0,0.0,2.857142857142857,1.069044967649685
East,2023-12-08,3.0,132.66666666666666,12699.690000000002,4233.2300000000005,0.0,0.0,0.0,False,False,5.0,8.0,0,4,0,3.0,1.0,3.142857142857143,0.6900655593423345
East,2023-12-09,1.0,134.0,3288.27,3288.27,0.0,0.0,0.0,False,False,1.0,9.0,0,5,1,3.0,3.0,2.857142857142857,1.069044967649685
East,2023-12-10,1.0,293.0,6941.55,6941.55,0.0,0.0,0.0,False,False,3.0,10.0,0,6,1,1.0,4.0,2.4285714285714284,1.1338934190276697
East,2023-12-11,2.0,117.5,13378.21,6689.105,1.0,0.0,0.0,False,False,6.0,11.0,0,0,0,1.0,2.0,2.4285714285714284,1.1338934190276697
East,2023-12-12,1.0,194.0,9296.51,9296.51,0.0,0.0,0.0,False,False,1.0,12.0,0,1,0,2.0,4.0,2.0,0.9999999999999867
North,2023-01-08,2.0,164.0,11713.52,5856.76,1.0,0.0,0.0,False,False,6.0,1.0,1,6,1,2.0,20.0,2.0,0.8164965809277264
North,2023-01-09,2.0,78.5,9126.789999999999,4563.3949999999995,0.0,0.0,0.0,False,False,0.0,1.0,0,0,0,2.0,1.0,2.142857142857143,0.6900655593423548
North,2023-01-10,1.0,224.0,6343.26,6343.26,0.0,0.0,0.0,False,False,1.0,1.0,0,1,0,2.0,3.0,1.8571428571428572,0.6900655593423545
North,2023-01-12,3.0,150.66666666666666,10568.51,3522.8366666666666,1.0,0.0,0.0,False,False,3.0,1.0,0,3,0,0.0,2.0,1.8571428571428572,1.0690449676496978
North,2023-02-01,1.0,158.0,8339.15,8339.15,0.0,0.0,0.0,False,False,2.0,2.0,0,2,0,0.0,0.0,0.14285714285714285,0.3779644730092252
North,2023-02-02,2.0,166.5,4947.55,2473.775,0.0,0.0,0.0,False,False,3.0,2.0,0,3,0,1.0,0.0,0.42857142857142855,0.7867957924694424
North,2023-02-03,2.0,99.5,12750.17,6375.085,0.0,0.0,0.0,False,False,4.0,2.0,0,4,0,2.0,0.0,0.7142857142857143,0.9511897312113414
North,2023-02-04,4.0,177.5,23387.949999999997,5846.987499999999,2.0,0.0,0.0,False,False,5.0,2.0,1,5,1,2.0,0.0,1.2857142857142858,1.4960264830861913
North,2023-02-06,2.0,117.5,16801.33,8400.665,1.0,0.0,0.0,False,False,0.0,2.0,0,0,0,0.0,0.0,1.5714285714285714,1.397276262011544
North,2023-02-07,2.0,93.0,19007.75,9503.875,1.0,0.0,0.0,False,False,1.0,2.0,0,1,0,2.0,0.0,1.8571428571428572,1.2149857925879122
North,2023-02-08,2.0,74.5,6855.3099999999995,3427.6549999999997,2.0,0.0,0.0,False,False,2.0,2.0,0,2,0,2.0,1.0,2.0,1.154700538379252
North,2023-02-09,2.0,186.0,8608.26,4304.13,2.0,0.0,0.0,False,False,3.0,2.0,0,3,0,2.0,2.0,2.0,1.154700538379252
North,2023-02-10,2.0,243.0,13054.119999999999,6527.0599999999995,0.0,0.0,0.0,False,False,4.0,2.0,0,4,0,2.0,2.0,2.0,1.154700538379252
North,2023-02-11,1.0,129.0,5628.18,5628.18,0.0,0.0,0.0,False,False,5.0,2.0,1,5,1,2.0,4.0,1.5714285714285714,0.7867957924694434
North,2023-02-12,4.0,176.0,21634.99,5408.7475,0.0,0.0,0.0,False,False,6.0,2.0,1,6,1,1.0,0.0,2.142857142857143,0.8997354108424379
North,2023-03-01,6.0,224.5,34442.6,5740.433333333333,1.0,0.0,0.0,True,False,2.0,3.0,0,2,0,0.0,0.0,0.8571428571428571,2.2677868380553634
North,2023-03-03,1.0,81.0,8453.05,8453.05,0.0,0.0,0.0,True,False,4.0,3.0,0,4,0,0.0,0.0,1.0,2.2360679774997894
North,2023-03-05,2.0,175.5,8154.1,4077.05,1.0,0.0,0.0,True,False,6.0,3.0,1,6,1,0.0,0.0,1.2857142857142858,2.2146697055682827
North,2023-03-06,2.0,136.5,13442.18,6721.09,2.0,0.0,0.0,True,False,0.0,3.0,0,0,0,2.0,0.0,1.5714285714285714,2.14919697074224
North,2023-03-07,1.0,112.0,3853.66,3853.66,0.0,0.0,0.0,True,False,1.0,3.0,0,1,0,2.0,0.0,1.7142857142857142,2.0586634591635513
North,2023-03-08,3.0,210.33333333333334,19803.39,6601.13,0.0,0.0,0.0,True,False,2.0,3.0,0,2,0,1.0,6.0,1.2857142857142858,1.1126972805283732
North,2023-03-10,3.0,164.0,14686.6,4895.533333333334,1.0,0.0,0.0,True,False,4.0,3.0,0,4,0,0.0,1.0,1.5714285714285714,1.2724180205607034
North,2023-03-11,4.0,202.0,21171.35,5292.8375,0.0,0.0,0.0,False,True,5.0,3.0,1,5,1,3.0,0.0,2.142857142857143,1.3451854182690988
North,2023-03-12,2.0,182.0,4848.63,2424.315,0.0,0.0,0.0,False,False,6.0,3.0,1,6,1,4.0,2.0,2.142857142857143,1.3451854182690988
North,2023-04-02,1.0,92.0,8979.44,8979.44,0.0,0.0,0.0,False,False,6.0,4.0,1,6,1,0.0,0.0,0.14285714285714285,0.3779644730092262
North,2023-04-03,5.0,140.8,29039.79,5807.9580000000005,2.0,0.0,0.0,False,False,0.0,4.0,0,0,0,1.0,0.0,0.8571428571428571,1.864454471471609
North,2023-04-04,2.0,78.5,14685.439999999999,7342.719999999999,0.0,0.0,0.0,False,False,1.0,4.0,0,1,0,5.0,0.0,1.1428571428571428,1.864454471471609
North,2023-04-05,2.0,186.0,15541.470000000001,7770.735000000001,0.0,0.0,0.0,False,False,2.0,4.0,0,2,0,2.0,0.0,1.4285714285714286,1.8126539343499315
North,2023-04-06,3.0,236.66666666666666,13050.730000000001,4350.243333333334,1.0,0.0,0.0,False,False,3.0,4.0,0,3,0,2.0,0.0,1.8571428571428572,1.772810520855837
North,2023-04-07,3.0,88.33333333333333,17200.899999999998,5733.633333333332,1.0,0.0,0.0,False,False,4.0,4.0,0,4,0,3.0,0.0,2.2857142857142856,1.6035674514745466
North,2023-04-08,5.0,178.4,25648.85,5129.7699999999995,2.0,0.0,0.0,False,False,5.0,4.0,1,5,1,3.0,0.0,3.0,1.5275252316519468
North,2023-04-09,5.0,179.2,34300.649999999994,6860.129999999999,1.0,0.0,0.0,False,False,6.0,4.0,1,6,1,5.0,1.0,3.5714285714285716,1.3972762620115438
North,2023-04-10,4.0,198.75,24108.92,6027.23,0.0,0.0,0.0,False,False,0.0,4.0,0,0,0,5.0,5.0,3.4285714285714284,1.2724180205607039
North,2023-04-11,3.0,102.33333333333333,12824.779999999999,4274.926666666666,1.0,0.0,0.0,False,False,5.0,11.0,0,1,0,4.0,2.0,3.5714285714285716,1.133893419027682
North,2023-04-12,1.0,149.0,7118.87,7118.87,1.0,0.0,0.0,False,False,0.0,12.0,0,2,0,3.0,2.0,3.4285714285714284,1.397276262011544
North,2023-05-01,1.0,190.0,2525.43,2525.43,1.0,0.0,0.0,False,True,3.0,1.0,0,0,0,0.0,0.0,0.14285714285714285,0.3779644730092308
North,2023-05-02,4.0,141.25,24185.11,6046.2775,1.0,0.0,0.0,False,False,6.0,2.0,0,1,0,1.0,0.0,0.7142857142857143,1.496026483086192
North,2023-05-03,3.0,124.66666666666667,18634.350000000002,6211.450000000001,0.0,0.0,0.0,False,False,6.0,3.0,0,2,0,4.0,0.0,1.1428571428571428,1.676163419695052
North,2023-05-04,3.0,107.33333333333333,13014.24,4338.08,1.0,0.0,0.0,False,False,2.0,4.0,1,3,0,3.0,0.0,1.5714285714285714,1.7182493859684493
North,2023-05-06,3.0,217.66666666666666,15448.279999999999,5149.426666666666,0.0,0.0,0.0,False,True,0.0,6.0,0,5,1,0.0,0.0,2.0,1.632993161855452
North,2023-05-07,3.0,180.33333333333334,21339.34,7113.113333333334,0.0,0.0,0.0,False,False,2.0,7.0,0,6,1,3.0,0.0,2.4285714285714284,1.3972762620115435
North,2023-05-08,4.0,152.0,18937.339999999997,4734.334999999999,1.0,0.0,0.0,False,False,5.0,8.0,0,0,0,3.0,1.0,2.857142857142857,1.3451854182690979
North,2023-05-09,4.0,161.75,19219.84,4804.96,1.0,0.0,0.0,False,False,1.0,9.0,0,1,0,4.0,4.0,2.857142857142857,1.3451854182690979
North,2023-05-10,6.0,130.0,36294.47,6049.078333333334,1.0,0.0,0.0,False,True,3.0,10.0,0,2,0,4.0,3.0,3.2857142857142856,1.799470821684874
North,2023-05-11,2.0,109.5,16355.9,8177.95,0.0,0.0,0.0,False,False,6.0,11.0,0,3,0,6.0,3.0,3.142857142857143,1.8644544714716085
North,2023-05-12,4.0,102.5,14429.660000000002,3607.4150000000004,0.0,0.0,0.0,False,False,1.0,12.0,0,4,0,2.0,0.0,3.7142857142857144,1.2535663410560167
North,2023-06-01,5.0,138.6,30788.21,6157.642,1.0,0.0,0.0,False,False,4.0,1.0,0,3,0,0.0,0.0,0.7142857142857143,1.8898223650461345
North,2023-06-02,2.0,231.0,7912.04,3956.02,1.0,0.0,0.0,False,True,0.0,2.0,0,4,0,5.0,0.0,1.0,1.9148542155126747
North,2023-06-03,4.0,142.0,22114.71,5528.6775,0.0,0.0,0.0,False,False,0.0,3.0,0,5,1,2.0,0.0,1.5714285714285714,2.1491969707422385
North,2023-06-04,3.0,126.66666666666667,11914.56,3971.52,1.0,0.0,0.0,False,False,3.0,4.0,0,6,1,4.0,0.0,2.0,2.0816659994661317
North,2023-06-05,1.0,295.0,7807.2,7807.2,0.0,0.0,0.0,False,False,5.0,5.0,0,0,0,3.0,0.0,2.142857142857143,1.951800145897065
North,2023-06-07,2.0,214.5,12992.85,6496.425,0.0,0.0,0.0,False,False,3.0,7.0,0,2,0,0.0,0.0,2.4285714285714284,1.7182493859684478
North,2023-06-08,1.0,172.0,3155.4,3155.4,1.0,0.0,0.0,False,False,6.0,8.0,0,3,0,2.0,5.0,1.8571428571428572,1.3451854182690968
North,2023-06-09,4.0,170.0,18989.489999999998,4747.3724999999995,1.0,0.0,0.0,False,False,2.0,9.0,0,4,0,1.0,2.0,2.142857142857143,1.5735915849388848
North,2023-06-10,5.0,184.4,28363.489999999998,5672.697999999999,1.0,0.0,0.0,False,True,4.0,10.0,0,5,1,4.0,4.0,2.2857142857142856,1.7994708216848734
North,2023-06-11,3.0,108.0,14942.310000000001,4980.77,1.0,0.0,0.0,False,False,0.0,11.0,0,6,1,5.0,3.0,2.2857142857142856,1.7994708216848734
North,2023-06-12,1.0,135.0,2979.82,2979.82,0.0,0.0,0.0,False,False,2.0,12.0,0,0,0,3.0,1.0,2.2857142857142856,1.7994708216848734
North,2023-07-02,2.0,131.5,13177.68,6588.84,1.0,0.0,0.0,False,False,1.0,2.0,0,6,1,0.0,0.0,0.2857142857142857,0.7559289460184503
North,2023-07-04,3.0,166.33333333333334,14255.13,4751.71,2.0,0.0,0.0,False,False,4.0,4.0,0,1,0,0.0,0.0,0.7142857142857143,1.2535663410560152
North,2023-07-05,5.0,134.6,19214.539999999997,3842.9079999999994,1.0,0.0,0.0,False,False,6.0,5.0,0,2,0,3.0,0.0,1.4285714285714286,1.9880595947760085
North,2023-07-06,2.0,106.0,8079.77,4039.885,1.0,0.0,0.0,False,True,2.0,6.0,0,3,0,5.0,0.0,1.7142857142857142,1.8898223650461348
North,2023-07-07,4.0,84.75,21931.84,5482.96,0.0,0.0,0.0,False,False,4.0,7.0,0,4,0,2.0,0.0,2.2857142857142856,1.889822365046135
North,2023-07-08,4.0,138.0,23881.11,5970.2775,1.0,0.0,0.0,False,False,0.0,8.0,0,5,1,4.0,0.0,2.857142857142857,1.6761634196950503
North,2023-07-09,3.0,159.0,17217.41,5739.136666666666,0.0,0.0,0.0,False,True,3.0,9.0,0,6,1,4.0,2.0,3.0,1.632993161855451
North,2023-07-10,1.0,291.0,9208.61,9208.61,0.0,0.0,0.0,False,False,5.0,10.0,0,0,0,3.0,0.0,3.142857142857143,1.3451854182690972
North,2023-08-01,2.0,117.0,9206.57,4603.285,0.0,0.0,0.0,False,False,6.0,1.0,0,1,0,0.0,0.0,0.2857142857142857,0.7559289460184504
North,2023-08-02,1.0,177.0,2065.03,2065.03,0.0,0.0,0.0,False,True,2.0,2.0,0,2,0,2.0,0.0,0.42857142857142855,0.7867957924694393
North,2023-08-03,2.0,109.0,5657.42,2828.71,0.0,0.0,0.0,False,False,2.0,3.0,1,3,0,1.0,0.0,0.7142857142857143,0.9511897312113388
North,2023-08-04,1.0,86.0,4445.95,4445.95,0.0,0.0,0.0,False,False,5.0,4.0,0,4,0,2.0,0.0,0.8571428571428571,0.8997354108424341
North,2023-08-05,3.0,161.66666666666666,20865.42,6955.139999999999,1.0,0.0,0.0,False,False,0.0,5.0,0,5,1,1.0,0.0,1.2857142857142858,1.112697280528371
North,2023-08-06,1.0,121.0,3568.25,3568.25,1.0,0.0,0.0,False,False,3.0,6.0,1,6,1,3.0,0.0,1.4285714285714286,0.9759000729485304
North,2023-08-07,2.0,122.0,15429.3,7714.65,0.0,0.0,0.0,False,False,5.0,7.0,0,0,0,1.0,0.0,1.7142857142857142,0.7559289460184513
North,2023-08-08,3.0,134.0,9918.32,3306.1066666666666,0.0,0.0,0.0,False,False,1.0,8.0,0,1,0,2.0,2.0,1.8571428571428572,0.8997354108424348
North,2023-08-09,1.0,75.0,4132.68,4132.68,0.0,0.0,0.0,False,False,4.0,9.0,0,2,0,3.0,1.0,1.8571428571428572,0.8997354108424348
North,2023-08-10,3.0,140.33333333333334,21876.579999999998,7292.193333333333,1.0,0.0,0.0,False,False,6.0,10.0,0,3,0,1.0,2.0,2.0,0.9999999999999978
North,2023-08-11,1.0,99.0,1979.16,1979.16,1.0,0.0,0.0,False,False,2.0,11.0,0,4,0,3.0,1.0,2.0,0.9999999999999978
North,2023-08-12,2.0,201.5,16349.420000000002,8174.710000000001,0.0,0.0,0.0,True,False,4.0,12.0,0,5,1,1.0,3.0,1.8571428571428572,0.8997354108424348
North,2023-09-01,2.0,175.5,7552.54,3776.27,0.0,0.0,0.0,False,False,0.0,1.0,0,4,0,0.0,0.0,0.2857142857142857,0.7559289460184505
North,2023-09-02,5.0,85.2,31020.36,6204.072,0.0,0.0,0.0,False,False,3.0,2.0,0,5,1,2.0,0.0,1.0,1.9148542155126749
North,2023-09-03,2.0,200.0,15779.05,7889.525,0.0,0.0,0.0,True,False,3.0,3.0,0,6,1,5.0,0.0,1.2857142857142858,1.8898223650461348
North,2023-09-04,4.0,130.25,14925.56,3731.39,0.0,0.0,0.0,False,True,6.0,4.0,0,0,0,2.0,0.0,1.8571428571428572,2.0354009783964284
North,2023-09-05,4.0,220.5,19675.73,4918.9325,1.0,0.0,0.0,False,False,1.0,5.0,0,1,0,4.0,0.0,2.4285714285714284,1.988059594776009
North,2023-09-06,2.0,143.0,12992.11,6496.055,1.0,0.0,0.0,False,False,4.0,6.0,0,2,0,4.0,0.0,2.7142857142857144,1.7043362064926926
North,2023-09-08,3.0,128.0,18665.6,6221.866666666666,0.0,0.0,0.0,False,False,2.0,8.0,0,4,0,0.0,2.0,2.857142857142857,1.6761634196950508
North,2023-09-09,4.0,182.75,23571.010000000002,5892.7525000000005,1.0,0.0,0.0,False,False,5.0,9.0,0,5,1,3.0,5.0,2.7142857142857144,1.4960264830861905
North,2023-09-10,1.0,204.0,3097.0,3097.0,1.0,0.0,0.0,False,False,0.0,10.0,0,6,1,4.0,2.0,2.5714285714285716,1.6183471874253732
North,2023-09-11,4.0,132.75,17902.3,4475.575,1.0,0.0,0.0,False,False,3.0,11.0,0,0,0,1.0,4.0,2.5714285714285716,1.6183471874253732
North,2023-09-12,3.0,135.33333333333334,19101.1,6367.033333333333,0.0,0.0,0.0,False,False,5.0,12.0,0,1,0,4.0,4.0,2.4285714285714284,1.511857892036908
North,2023-10-01,1.0,146.0,8218.98,8218.98,0.0,0.0,0.0,False,False,1.0,1.0,0,6,1,0.0,0.0,0.14285714285714285,0.3779644730092165
North,2023-10-03,1.0,40.0,1639.31,1639.31,0.0,0.0,0.0,False,False,4.0,3.0,0,1,0,0.0,0.0,0.2857142857142857,0.48795003647425855
North,2023-10-04,4.0,175.75,24628.050000000003,6157.012500000001,2.0,0.0,0.0,False,False,0.0,4.0,0,2,0,1.0,0.0,0.8571428571428571,1.4638501094227974
North,2023-10-05,3.0,149.33333333333334,18778.690000000002,6259.563333333334,1.0,0.0,0.0,False,False,2.0,5.0,1,3,0,4.0,0.0,1.2857142857142858,1.6035674514745444
North,2023-10-06,5.0,206.8,20255.87,4051.174,0.0,0.0,0.0,False,False,5.0,6.0,0,4,0,3.0,0.0,2.0,1.9999999999999987
North,2023-10-07,2.0,162.0,13392.83,6696.415,0.0,0.0,0.0,False,False,0.0,7.0,0,5,1,5.0,0.0,2.2857142857142856,1.7994708216848736
North,2023-10-08,2.0,228.0,16991.82,8495.91,0.0,0.0,0.0,False,False,3.0,8.0,0,6,1,2.0,1.0,2.4285714285714284,1.718249385968448
North,2023-10-09,2.0,186.5,13433.779999999999,6716.889999999999,0.0,0.0,0.0,False,False,6.0,9.0,0,0,0,2.0,0.0,2.7142857142857144,1.3801311186847072
North,2023-10-10,1.0,173.0,1314.99,1314.99,0.0,0.0,0.0,False,False,1.0,10.0,0,1,0,2.0,1.0,2.7142857142857144,1.3801311186847072
North,2023-10-11,2.0,100.5,10914.8,5457.4,0.0,0.0,0.0,False,False,4.0,11.0,0,2,0,1.0,4.0,2.4285714285714284,1.272418020560702
North,2023-10-12,4.0,152.75,21329.61,5332.4025,1.0,0.0,0.0,False,False,6.0,12.0,0,3,0,2.0,3.0,2.5714285714285716,1.3972762620115424
North,2023-11-01,4.0,160.75,20844.829999999998,5211.2074999999995,1.0,0.0,0.0,False,False,2.0,1.0,0,2,0,0.0,0.0,0.5714285714285714,1.5118578920369057
North,2023-11-02,1.0,225.0,8406.63,8406.63,1.0,0.0,0.0,False,False,5.0,2.0,0,3,0,4.0,0.0,0.7142857142857143,1.4960264830861882
North,2023-11-03,1.0,101.0,8184.64,8184.64,1.0,0.0,0.0,False,False,5.0,3.0,0,4,0,1.0,0.0,0.8571428571428571,1.463850109422797
North,2023-11-04,6.0,133.33333333333334,29590.149999999998,4931.691666666667,0.0,0.0,0.0,False,False,1.0,4.0,0,5,1,1.0,0.0,1.7142857142857142,2.3603873774083284
North,2023-11-05,3.0,181.0,25954.54,8651.513333333334,0.0,0.0,0.0,False,False,3.0,5.0,0,6,1,6.0,0.0,2.142857142857143,2.267786838055362
North,2023-11-06,3.0,186.0,18389.42,6129.806666666666,0.0,0.0,0.0,False,False,6.0,6.0,0,0,0,3.0,0.0,2.5714285714285716,2.0701966780270618
North,2023-11-07,3.0,157.66666666666666,14260.000000000002,4753.333333333334,2.0,0.0,0.0,False,False,1.0,7.0,0,1,0,3.0,0.0,3.0,1.7320508075688763
North,2023-11-08,5.0,133.8,35515.86,7103.1720000000005,0.0,0.0,0.0,False,False,4.0,8.0,0,2,0,3.0,4.0,3.142857142857143,1.8644544714716083
North,2023-11-09,2.0,139.5,13450.57,6725.285,1.0,0.0,0.0,True,False,0.0,9.0,0,3,0,5.0,1.0,3.2857142857142856,1.7043362064926928
North,2023-11-10,2.0,179.0,9766.59,4883.295,0.0,0.0,0.0,False,False,2.0,10.0,1,4,0,2.0,1.0,3.4285714285714284,1.5118578920369083
North,2023-11-11,5.0,128.2,34243.18,6848.636,2.0,0.0,0.0,False,False,5.0,11.0,0,5,1,2.0,6.0,3.2857142857142856,1.2535663410560165
North,2023-11-12,2.0,71.5,9122.460000000001,4561.2300000000005,1.0,0.0,0.0,False,False,0.0,12.0,0,6,1,5.0,3.0,3.142857142857143,1.3451854182690974
North,2023-12-01,1.0,101.0,7044.16,7044.16,0.0,0.0,0.0,False,False,3.0,1.0,0,4,0,0.0,0.0,0.14285714285714285,0.3779644730092177
North,2023-12-02,2.0,206.0,14980.18,7490.09,0.0,0.0,0.0,False,False,6.0,2.0,0,5,1,1.0,0.0,0.42857142857142855,0.786795792469439
North,2023-12-03,1.0,135.0,4767.47,4767.47,0.0,0.0,0.0,False,False,6.0,3.0,0,6,1,2.0,0.0,0.5714285714285714,0.7867957924694391
North,2023-12-04,1.0,222.0,1494.7,1494.7,0.0,0.0,0.0,True,False,2.0,4.0,0,0,0,1.0,0.0,0.7142857142857143,0.7559289460184505
North,2023-12-05,4.0,188.5,13498.230000000001,3374.5575000000003,0.0,0.0,0.0,False,False,4.0,5.0,0,1,0,1.0,0.0,1.2857142857142858,1.3801311186847067
North,2023-12-06,5.0,119.6,17316.250000000004,3463.250000000001,1.0,0.0,0.0,False,False,0.0,6.0,0,2,0,4.0,0.0,2.0,1.8257418583505527
North,2023-12-07,3.0,140.66666666666666,20358.99,6786.330000000001,1.0,0.0,0.0,False,False,2.0,7.0,0,3,0,5.0,0.0,2.4285714285714284,1.6183471874253734
North,2023-12-08,3.0,137.33333333333334,12222.530000000002,4074.1766666666676,0.0,0.0,0.0,False,False,5.0,8.0,0,4,0,3.0,1.0,2.7142857142857144,1.4960264830861907
North,2023-12-09,1.0,182.0,7859.54,7859.54,0.0,0.0,0.0,False,False,1.0,9.0,0,5,1,3.0,2.0,2.5714285714285716,1.6183471874253736
North,2023-12-10,3.0,118.66666666666667,16183.99,5394.663333333333,0.0,0.0,0.0,False,False,3.0,10.0,0,6,1,1.0,1.0,2.857142857142857,1.4638501094227994
North,2023-12-11,2.0,163.0,8413.84,4206.92,1.0,0.0,0.0,False,False,6.0,11.0,0,0,0,3.0,1.0,3.0,1.2909944487358052
South,2023-01-08,2.0,243.0,11507.24,5753.62,1.0,0.0,0.0,False,False,6.0,1.0,1,6,1,4.0,25.0,2.5714285714285716,2.225394561056748
South,2023-01-09,1.0,250.0,3120.78,3120.78,0.0,0.0,0.0,False,False,0.0,1.0,0,0,0,2.0,4.0,2.142857142857143,2.193062655175135
South,2023-01-10,3.0,146.33333333333334,19006.100000000002,6335.366666666668,0.0,0.0,0.0,False,False,1.0,1.0,0,1,0,1.0,6.0,1.7142857142857142,1.496026483086192
South,2023-01-11,1.0,63.0,4551.15,4551.15,0.0,0.0,0.0,False,False,2.0,1.0,0,2,0,3.0,0.0,1.8571428571428572,1.3451854182690994
South,2023-01-12,6.0,161.5,32222.39,5370.3983333333335,1.0,0.0,0.0,False,False,3.0,1.0,0,3,0,1.0,0.0,2.7142857142857144,1.7994708216848752
South,2023-02-01,2.0,245.0,13989.89,6994.945,0.0,0.0,0.0,False,False,2.0,2.0,0,2,0,0.0,0.0,0.2857142857142857,0.7559289460184574
South,2023-02-02,2.0,232.5,12159.85,6079.925,0.0,0.0,0.0,False,False,3.0,2.0,0,3,0,2.0,0.0,0.5714285714285714,0.9759000729485355
South,2023-02-03,2.0,150.5,7967.84,3983.92,0.0,0.0,0.0,False,False,4.0,2.0,0,4,0,2.0,0.0,0.8571428571428571,1.0690449676496996
South,2023-02-04,3.0,237.66666666666666,18594.329999999998,6198.11,0.0,0.0,0.0,False,False,5.0,2.0,1,5,1,2.0,0.0,1.2857142857142858,1.2535663410560192
South,2023-02-05,1.0,129.0,2874.5,2874.5,0.0,0.0,0.0,False,False,6.0,2.0,1,6,1,3.0,0.0,1.4285714285714286,1.1338934190276835
South,2023-02-06,2.0,61.0,9683.26,4841.63,0.0,0.0,0.0,False,False,0.0,2.0,0,0,0,1.0,0.0,1.7142857142857142,0.9511897312113439
South,2023-02-07,3.0,107.66666666666667,13743.4,4581.133333333333,0.0,0.0,0.0,False,False,1.0,2.0,0,1,0,2.0,0.0,2.142857142857143,0.6900655593423567
South,2023-02-09,2.0,148.5,5023.98,2511.99,1.0,0.0,0.0,False,False,3.0,2.0,0,3,0,0.0,2.0,1.8571428571428572,1.0690449676496991
South,2023-02-10,3.0,98.0,11254.82,3751.6066666666666,1.0,0.0,0.0,False,False,4.0,2.0,0,4,0,2.0,2.0,2.0,1.154700538379253
South,2023-02-11,2.0,65.5,13155.38,6577.69,1.0,0.0,0.0,False,False,5.0,2.0,1,5,1,3.0,3.0,1.8571428571428572,1.0690449676496991
South,2023-02-12,3.0,216.0,17028.48,5676.16,0.0,0.0,0.0,False,False,6.0,2.0,1,6,1,2.0,1.0,2.142857142857143,1.0690449676496991
South,2023-03-01,1.0,163.0,8949.52,8949.52,0.0,0.0,0.0,True,False,2.0,3.0,0,2,0,0.0,0.0,0.14285714285714285,0.3779644730092338
South,2023-03-02,3.0,144.66666666666666,18503.88,6167.96,0.0,0.0,0.0,True,False,3.0,3.0,0,3,0,1.0,0.0,0.5714285714285714,1.1338934190276837
South,2023-03-03,1.0,138.0,7166.21,7166.21,0.0,0.0,0.0,True,False,4.0,3.0,0,4,0,3.0,0.0,0.7142857142857143,1.1126972805283757
South,2023-03-04,1.0,200.0,8335.65,8335.65,0.0,0.0,0.0,True,False,5.0,3.0,1,5,1,1.0,0.0,0.8571428571428571,1.0690449676496996
South,2023-03-05,1.0,187.0,9533.79,9533.79,0.0,0.0,0.0,True,False,6.0,3.0,1,6,1,1.0,0.0,1.0,1.0000000000000022
South,2023-03-06,2.0,72.5,10934.57,5467.285,1.0,0.0,0.0,True,False,0.0,3.0,0,0,0,1.0,0.0,1.2857142857142858,0.9511897312113441
South,2023-03-07,2.0,157.0,15225.619999999999,7612.8099999999995,0.0,0.0,0.0,True,False,1.0,3.0,0,1,0,2.0,0.0,1.5714285714285714,0.7867957924694458
South,2023-03-09,4.0,152.0,23886.0,5971.5,2.0,0.0,0.0,True,False,3.0,3.0,0,3,0,0.0,3.0,1.5714285714285714,1.2724180205607052
South,2023-03-11,3.0,156.0,20589.96,6863.32,0.0,0.0,0.0,False,True,5.0,3.0,1,5,1,0.0,1.0,1.7142857142857142,1.4960264830861927
South,2023-03-12,2.0,139.5,11042.47,5521.235,1.0,0.0,0.0,False,False,6.0,3.0,1,6,1,3.0,1.0,1.8571428571428572,1.4638501094228011
South,2023-04-01,3.0,121.33333333333333,6351.120000000001,2117.0400000000004,1.0,0.0,0.0,False,False,5.0,4.0,1,5,1,0.0,0.0,0.42857142857142855,1.1338934190276837
South,2023-04-02,4.0,181.0,21613.070000000003,5403.267500000001,1.0,0.0,0.0,False,False,6.0,4.0,1,6,1,3.0,0.0,1.0,1.7320508075688787
South,2023-04-03,5.0,135.8,24982.8,4996.5599999999995,1.0,0.0,0.0,False,False,0.0,4.0,0,0,0,4.0,0.0,1.7142857142857142,2.214669705568284
South,2023-04-04,2.0,228.5,10371.7,5185.85,0.0,0.0,0.0,False,False,1.0,4.0,0,1,0,5.0,0.0,2.0,2.081665999466134
South,2023-04-05,4.0,169.0,31263.799999999996,7815.949999999999,2.0,0.0,0.0,False,False,2.0,4.0,0,2,0,2.0,0.0,2.5714285714285716,1.988059594776011
South,2023-04-06,4.0,217.25,16665.64,4166.41,0.0,0.0,0.0,False,False,3.0,4.0,0,3,0,4.0,0.0,3.142857142857143,1.6761634196950528
South,2023-04-07,5.0,161.0,25857.48,5171.496,0.0,0.0,0.0,False,False,4.0,4.0,0,4,0,4.0,0.0,3.857142857142857,1.0690449676496996
South,2023-04-08,4.0,142.5,20259.71,5064.9275,1.0,0.0,0.0,False,False,5.0,4.0,1,5,1,5.0,3.0,4.0,1.0000000000000022
South,2023-04-09,2.0,117.5,9681.75,4840.875,0.0,0.0,0.0,False,False,6.0,4.0,1,6,1,4.0,4.0,3.7142857142857144,1.2535663410560192
South,2023-04-10,4.0,153.5,14038.19,3509.5475,2.0,0.0,0.0,False,False,0.0,4.0,0,0,0,2.0,5.0,3.5714285714285716,1.1338934190276837
South,2023-04-11,2.0,89.0,16359.810000000001,8179.905000000001,0.0,0.0,0.0,False,False,5.0,11.0,0,1,0,4.0,2.0,3.5714285714285716,1.1338934190276837
South,2023-04-12,5.0,151.8,30665.230000000003,6133.046,3.0,0.0,0.0,False,False,0.0,12.0,0,2,0,2.0,4.0,3.7142857142857144,1.2535663410560192
South,2023-05-01,3.0,154.0,14197.32,4732.44,0.0,0.0,0.0,False,True,3.0,1.0,0,0,0,0.0,0.0,0.42857142857142855,1.1338934190276855
South,2023-05-02,2.0,167.5,3906.98,1953.49,0.0,0.0,0.0,False,False,6.0,2.0,0,1,0,3.0,0.0,0.7142857142857143,1.2535663410560207
South,2023-05-04,2.0,133.0,10014.73,5007.365,0.0,0.0,0.0,False,False,2.0,4.0,1,3,0,0.0,0.0,1.0,1.2909944487358085
South,2023-05-06,3.0,187.0,8826.869999999999,2942.2899999999995,1.0,0.0,0.0,False,True,0.0,6.0,0,5,1,0.0,0.0,1.4285714285714286,1.3972762620115464
South,2023-05-07,3.0,136.0,17787.52,5929.173333333333,1.0,0.0,0.0,False,False,2.0,7.0,0,6,1,3.0,0.0,1.8571428571428572,1.3451854182691008
South,2023-05-08,1.0,233.0,7779.34,7779.34,0.0,0.0,0.0,False,False,5.0,8.0,0,0,0,3.0,3.0,1.5714285714285714,1.2724180205607063
South,2023-05-09,1.0,267.0,7297.92,7297.92,0.0,0.0,0.0,False,False,1.0,9.0,0,1,0,1.0,2.0,1.4285714285714286,1.2724180205607063
South,2023-05-10,4.0,135.5,19284.26,4821.065,1.0,0.0,0.0,False,True,3.0,10.0,0,2,0,1.0,0.0,2.0,1.4142135623730974
South,2023-05-11,1.0,45.0,6962.49,6962.49,0.0,0.0,0.0,False,False,6.0,11.0,0,3,0,4.0,2.0,1.8571428571428572,1.463850109422802
South,2023-05-12,5.0,173.4,29573.47,5914.694,0.0,0.0,0.0,False,False,1.0,12.0,0,4,0,1.0,0.0,2.5714285714285716,1.618347187425376
South,2023-06-02,5.0,184.8,22136.989999999998,4427.397999999999,1.0,0.0,0.0,False,True,0.0,2.0,0,4,0,0.0,0.0,0.7142857142857143,1.8898223650461379
South,2023-06-03,2.0,139.5,11717.43,5858.715,0.0,0.0,0.0,False,False,0.0,3.0,0,5,1,5.0,0.0,1.0,1.914854215512678
South,2023-06-04,5.0,170.6,20102.82,4020.564,1.0,0.0,0.0,False,False,3.0,4.0,0,6,1,2.0,0.0,1.7142857142857142,2.3603873774083306
South,2023-06-05,5.0,223.8,31695.309999999998,6339.062,0.0,0.0,0.0,False,False,5.0,5.0,0,0,0,5.0,0.0,2.4285714285714284,2.507132682112036
South,2023-06-06,1.0,111.0,9068.26,9068.26,0.0,0.0,0.0,False,False,1.0,6.0,0,1,0,5.0,0.0,2.5714285714285716,2.3704530408864093
South,2023-06-07,2.0,206.0,14542.61,7271.305,0.0,0.0,0.0,False,False,3.0,7.0,0,2,0,1.0,0.0,2.857142857142857,2.1157009420498167
South,2023-06-08,3.0,98.66666666666667,12535.33,4178.443333333334,1.0,0.0,0.0,False,False,6.0,8.0,0,3,0,2.0,0.0,3.2857142857142856,1.7043362064926955
South,2023-06-10,3.0,207.0,12150.560000000001,4050.186666666667,1.0,0.0,0.0,False,True,4.0,10.0,0,5,1,0.0,2.0,2.7142857142857144,1.8898223650461379
South,2023-06-11,4.0,212.25,20295.409999999996,5073.852499999999,0.0,0.0,0.0,False,False,0.0,11.0,0,6,1,3.0,5.0,2.5714285714285716,1.7182493859684511
South,2023-06-12,3.0,180.0,16205.89,5401.963333333333,0.0,0.0,0.0,False,False,2.0,12.0,0,0,0,4.0,5.0,2.2857142857142856,1.380131118684711
South,2023-07-01,2.0,220.5,17343.46,8671.73,0.0,0.0,0.0,False,False,5.0,1.0,0,5,1,0.0,0.0,0.2857142857142857,0.75592894601846
South,2023-07-02,1.0,231.0,2501.97,2501.97,1.0,0.0,0.0,False,False,1.0,2.0,0,6,1,2.0,0.0,0.42857142857142855,0.7867957924694483
South,2023-07-03,4.0,201.5,29731.510000000002,7432.8775000000005,0.0,0.0,0.0,False,False,1.0,3.0,1,0,0,1.0,0.0,1.0,1.5275252316519494
South,2023-07-04,3.0,125.0,18476.52,6158.84,1.0,0.0,0.0,False,False,4.0,4.0,0,1,0,4.0,0.0,1.4285714285714286,1.6183471874253765
South,2023-07-05,3.0,167.33333333333334,7132.999999999999,2377.6666666666665,0.0,0.0,0.0,False,False,6.0,5.0,0,2,0,3.0,0.0,1.8571428571428572,1.5735915849388886
South,2023-07-06,1.0,260.0,5681.63,5681.63,0.0,0.0,0.0,False,True,2.0,6.0,0,3,0,3.0,0.0,2.0,1.4142135623730978
South,2023-07-07,3.0,177.66666666666666,25606.119999999995,8535.373333333331,1.0,0.0,0.0,False,False,4.0,7.0,0,4,0,1.0,0.0,2.4285714285714284,1.1338934190276848
South,2023-07-08,1.0,226.0,8592.87,8592.87,0.0,0.0,0.0,False,False,0.0,8.0,0,5,1,3.0,2.0,2.2857142857142856,1.2535663410560203
South,2023-07-09,2.0,203.5,13735.9,6867.95,0.0,0.0,0.0,False,True,3.0,9.0,0,6,1,1.0,1.0,2.4285714285714284,1.1338934190276848
South,2023-07-10,4.0,179.25,28563.739999999998,7140.9349999999995,2.0,0.0,0.0,False,False,5.0,10.0,0,0,0,2.0,4.0,2.4285714285714284,1.1338934190276848
South,2023-07-11,1.0,153.0,2918.61,2918.61,1.0,0.0,0.0,False,False,1.0,11.0,0,1,0,4.0,3.0,2.142857142857143,1.2149857925879148
South,2023-07-12,4.0,180.75,25973.97,6493.4925,1.0,0.0,0.0,False,True,3.0,12.0,1,2,0,1.0,3.0,2.2857142857142856,1.380131118684711
South,2023-08-02,2.0,104.0,8144.59,4072.295,0.0,0.0,0.0,False,True,2.0,2.0,0,2,0,0.0,0.0,0.2857142857142857,0.7559289460184603
South,2023-08-03,1.0,212.0,5604.72,5604.72,0.0,0.0,0.0,False,False,2.0,3.0,1,3,0,2.0,0.0,0.42857142857142855,0.7867957924694486
South,2023-08-04,1.0,209.0,1557.52,1557.52,0.0,0.0,0.0,False,False,5.0,4.0,0,4,0,1.0,0.0,0.5714285714285714,0.7867957924694486
South,2023-08-05,1.0,64.0,8681.19,8681.19,0.0,0.0,0.0,False,False,0.0,5.0,0,5,1,1.0,0.0,0.7142857142857143,0.7559289460184601
South,2023-08-06,1.0,31.0,8749.57,8749.57,0.0,0.0,0.0,False,False,3.0,6.0,1,6,1,1.0,0.0,0.8571428571428571,0.6900655593423602
South,2023-08-07,2.0,131.5,11532.25,5766.125,1.0,0.0,0.0,False,False,5.0,7.0,0,0,0,1.0,0.0,1.1428571428571428,0.6900655593423601
South,2023-08-08,5.0,208.4,29122.99,5824.598,0.0,0.0,0.0,False,False,1.0,8.0,0,1,0,2.0,0.0,1.8571428571428572,1.4638501094228025
South,2023-08-10,5.0,193.8,34199.73,6839.946000000001,0.0,0.0,0.0,False,False,6.0,10.0,0,3,0,0.0,1.0,2.142857142857143,2.0354009783964315
South,2023-08-11,2.0,46.0,10913.970000000001,5456.985000000001,0.0,0.0,0.0,False,False,2.0,11.0,0,4,0,5.0,1.0,2.2857142857142856,1.9760470401187094
South,2023-08-12,1.0,93.0,7419.54,7419.54,0.0,0.0,0.0,True,False,4.0,12.0,0,5,1,2.0,1.0,2.2857142857142856,1.9760470401187094
South,2023-09-01,3.0,212.66666666666666,21802.190000000002,7267.396666666667,1.0,0.0,0.0,False,False,0.0,1.0,0,4,0,0.0,0.0,0.42857142857142855,1.1338934190276855
South,2023-09-02,3.0,166.0,15363.060000000001,5121.02,1.0,0.0,0.0,False,False,3.0,2.0,0,5,1,3.0,0.0,0.8571428571428571,1.4638501094228027
South,2023-09-04,3.0,243.0,10510.36,3503.4533333333334,0.0,0.0,0.0,False,True,6.0,4.0,0,0,0,0.0,0.0,1.2857142857142858,1.6035674514745488
South,2023-09-06,3.0,230.33333333333334,7474.120000000001,2491.3733333333334,1.0,0.0,0.0,False,False,4.0,6.0,0,2,0,0.0,0.0,1.7142857142857142,1.6035674514745488
South,2023-09-07,1.0,299.0,5388.39,5388.39,0.0,0.0,0.0,False,False,6.0,7.0,0,3,0,3.0,0.0,1.8571428571428572,1.4638501094228022
South,2023-09-08,3.0,200.33333333333334,15483.16,5161.053333333333,1.0,0.0,0.0,False,False,2.0,8.0,0,4,0,1.0,3.0,1.8571428571428572,1.4638501094228022
South,2023-09-10,4.0,210.0,24365.75,6091.4375,0.0,0.0,0.0,False,False,0.0,10.0,0,6,1,0.0,0.0,2.0,1.6329931618554543
South,2023-09-11,3.0,109.66666666666667,20952.46,6984.153333333333,1.0,0.0,0.0,False,False,3.0,11.0,0,0,0,4.0,3.0,2.0,1.6329931618554543
South,2023-09-12,5.0,123.8,29186.93,5837.386,3.0,0.0,0.0,False,False,5.0,12.0,0,1,0,3.0,0.0,2.7142857142857144,1.7043362064926952
South,2023-10-01,2.0,121.0,13265.98,6632.99,0.0,0.0,0.0,False,False,1.0,1.0,0,6,1,0.0,0.0,0.2857142857142857,0.7559289460184618
South,2023-10-02,3.0,147.66666666666666,16782.63,5594.21,0.0,0.0,0.0,False,False,4.0,2.0,0,0,0,2.0,0.0,0.7142857142857143,1.2535663410560216
South,2023-10-04,4.0,143.75,15429.18,3857.295,1.0,0.0,0.0,False,False,0.0,4.0,0,2,0,0.0,0.0,1.2857142857142858,1.7043362064926961
South,2023-10-05,3.0,77.66666666666667,18662.6,6220.866666666666,1.0,0.0,0.0,False,False,2.0,5.0,1,3,0,4.0,0.0,1.7142857142857142,1.704336206492696
South,2023-10-06,2.0,140.5,4827.82,2413.91,0.0,0.0,0.0,False,False,5.0,6.0,0,4,0,3.0,0.0,2.0,1.5275252316519494
South,2023-10-07,2.0,99.0,8419.7,4209.85,0.0,0.0,0.0,False,False,0.0,7.0,0,5,1,2.0,0.0,2.2857142857142856,1.2535663410560203
South,2023-10-08,2.0,222.0,12854.79,6427.395,0.0,0.0,0.0,False,False,3.0,8.0,0,6,1,2.0,2.0,2.2857142857142856,1.2535663410560203
South,2023-10-09,2.0,69.5,9986.59,4993.295,0.0,0.0,0.0,False,False,6.0,9.0,0,0,0,2.0,3.0,2.142857142857143,1.2149857925879148
South,2023-10-10,2.0,189.0,10630.99,5315.495,1.0,0.0,0.0,False,False,1.0,10.0,0,1,0,2.0,0.0,2.4285714285714284,0.7867957924694475
South,2023-10-11,3.0,236.0,17816.58,5938.860000000001,0.0,0.0,0.0,False,False,4.0,11.0,0,2,0,2.0,4.0,2.2857142857142856,0.4879500364742739
South,2023-10-12,4.0,236.25,18467.86,4616.965,0.0,0.0,0.0,False,False,6.0,12.0,0,3,0,3.0,3.0,2.4285714285714284,0.7867957924694475
South,2023-11-01,2.0,63.0,14430.529999999999,7215.264999999999,1.0,0.0,0.0,False,False,2.0,1.0,0,2,0,0.0,0.0,0.2857142857142857,0.7559289460184615
South,2023-11-02,5.0,190.4,31144.89,6228.978,1.0,0.0,0.0,False,False,5.0,2.0,0,3,0,2.0,0.0,1.0,1.9148542155126786
South,2023-11-04,1.0,48.0,2812.66,2812.66,1.0,0.0,0.0,False,False,1.0,4.0,0,5,1,0.0,0.0,1.1428571428571428,1.8644544714716114
South,2023-11-05,3.0,139.0,22039.89,7346.63,0.0,0.0,0.0,False,False,3.0,5.0,0,6,1,1.0,0.0,1.5714285714285714,1.902379462422686
South,2023-11-06,1.0,233.0,4634.3,4634.3,0.0,0.0,0.0,False,False,6.0,6.0,0,0,0,3.0,0.0,1.7142857142857142,1.7994708216848772
South,2023-11-07,2.0,218.5,5201.0,2600.5,1.0,0.0,0.0,False,False,1.0,7.0,0,1,0,1.0,0.0,2.0,1.6329931618554545
South,2023-11-08,3.0,122.0,19364.34,6454.78,0.0,0.0,0.0,False,False,4.0,8.0,0,2,0,2.0,2.0,2.142857142857143,1.676163419695054
South,2023-11-09,3.0,198.33333333333334,14154.45,4718.150000000001,0.0,0.0,0.0,True,False,0.0,9.0,0,3,0,3.0,5.0,1.8571428571428572,1.2149857925879153
South,2023-11-10,5.0,197.0,19555.55,3911.1099999999997,2.0,0.0,0.0,False,False,2.0,10.0,1,4,0,3.0,0.0,2.5714285714285716,1.3972762620115464
South,2023-11-11,3.0,168.0,8963.05,2987.683333333333,1.0,0.0,0.0,False,False,5.0,11.0,0,5,1,5.0,1.0,2.857142857142857,1.2149857925879146
South,2023-11-12,2.0,208.5,13258.29,6629.145,1.0,0.0,0.0,False,False,0.0,12.0,0,6,1,3.0,3.0,2.7142857142857144,1.2535663410560203
South,2023-12-01,3.0,219.66666666666666,11381.49,3793.83,0.0,0.0,0.0,False,False,3.0,1.0,0,4,0,0.0,0.0,0.42857142857142855,1.1338934190276861
South,2023-12-03,2.0,156.5,18357.36,9178.68,0.0,0.0,0.0,False,False,6.0,3.0,0,6,1,0.0,0.0,0.7142857142857143,1.2535663410560216
South,2023-12-04,1.0,34.0,6218.47,6218.47,0.0,0.0,0.0,True,False,2.0,4.0,0,0,0,2.0,0.0,0.8571428571428571,1.214985792587916
South,2023-12-05,2.0,238.0,5471.32,2735.66,0.0,0.0,0.0,False,False,4.0,5.0,0,1,0,1.0,0.0,1.1428571428571428,1.2149857925879157
South,2023-12-06,1.0,229.0,3268.63,3268.63,1.0,0.0,0.0,False,False,0.0,6.0,0,2,0,2.0,0.0,1.2857142857142858,1.1126972805283777
South,2023-12-07,4.0,77.75,35607.310000000005,8901.827500000001,1.0,0.0,0.0,False,False,2.0,7.0,0,3,0,1.0,0.0,1.8571428571428572,1.3451854182691017
South,2023-12-08,1.0,128.0,6213.41,6213.41,0.0,0.0,0.0,False,False,5.0,8.0,0,4,0,4.0,3.0,1.5714285714285714,1.272418020560707
South,2023-12-09,2.0,83.0,5478.030000000001,2739.0150000000003,0.0,0.0,0.0,False,False,1.0,9.0,0,5,1,1.0,0.0,1.8571428571428572,1.0690449676497016
South,2023-12-10,5.0,197.2,29503.73,5900.746,0.0,0.0,0.0,False,False,3.0,10.0,0,6,1,2.0,2.0,2.2857142857142856,1.6035674514745488
South,2023-12-11,1.0,128.0,3290.65,3290.65,0.0,0.0,0.0,False,False,6.0,11.0,0,0,0,5.0,1.0,2.2857142857142856,1.6035674514745488
South,2023-12-12,4.0,115.25,26092.54,6523.135,0.0,0.0,0.0,False,False,1.0,12.0,0,1,0,1.0,2.0,2.5714285714285716,1.7182493859684513
West,2023-01-09,1.0,264.0,4274.43,4274.43,0.0,0.0,0.0,False,False,0.0,1.0,0,0,0,0.0,4.0,1.8571428571428572,2.4784787961282158
West,2023-01-10,2.0,63.0,9722.3,4861.15,1.0,0.0,0.0,False,False,1.0,1.0,0,1,0,1.0,1.0,2.0,2.449489742783183
West,2023-01-11,6.0,106.83333333333333,20443.51,3407.2516666666666,0.0,0.0,0.0,False,False,2.0,1.0,0,2,0,2.0,0.0,2.857142857142857,2.672612419124248
West,2023-01-12,1.0,272.0,8832.95,8832.95,1.0,0.0,0.0,False,False,3.0,1.0,0,3,0,6.0,3.0,2.5714285714285716,2.7602622373694214
West,2023-02-01,1.0,297.0,1858.69,1858.69,0.0,0.0,0.0,False,False,2.0,2.0,0,2,0,0.0,0.0,0.14285714285714285,0.37796447300926655
West,2023-02-02,5.0,159.6,30103.73,6020.746,2.0,0.0,0.0,False,False,3.0,2.0,0,3,0,1.0,0.0,0.8571428571428571,1.8644544714716162
West,2023-02-03,2.0,78.0,9170.66,4585.33,1.0,0.0,0.0,False,False,4.0,2.0,0,4,0,5.0,0.0,1.1428571428571428,1.864454471471616
West,2023-02-04,2.0,139.0,4674.530000000001,2337.2650000000003,0.0,0.0,0.0,False,False,5.0,2.0,1,5,1,2.0,0.0,1.4285714285714286,1.8126539343499386
West,2023-02-05,6.0,171.33333333333334,36655.51,6109.251666666667,0.0,0.0,0.0,False,False,6.0,2.0,1,6,1,2.0,0.0,2.2857142857142856,2.3603873774083346
West,2023-02-06,1.0,208.0,7408.07,7408.07,0.0,0.0,0.0,False,False,0.0,2.0,0,0,0,6.0,0.0,2.4285714285714284,2.2253945610567523
West,2023-02-07,1.0,218.0,4362.77,4362.77,0.0,0.0,0.0,False,False,1.0,2.0,0,1,0,1.0,0.0,2.5714285714285716,2.0701966780270684
West,2023-02-08,2.0,232.0,12788.03,6394.015,0.0,0.0,0.0,False,False,2.0,2.0,0,2,0,1.0,1.0,2.7142857142857144,1.9760470401187133
West,2023-02-09,1.0,257.0,7607.35,7607.35,0.0,0.0,0.0,False,False,3.0,2.0,0,3,0,2.0,5.0,2.142857142857143,1.7728105208558436
West,2023-02-10,2.0,206.5,9275.66,4637.83,0.0,0.0,0.0,False,False,4.0,2.0,0,4,0,1.0,2.0,2.142857142857143,1.7728105208558436
West,2023-02-11,3.0,176.33333333333334,20883.03,6961.009999999999,0.0,0.0,0.0,False,False,5.0,2.0,1,5,1,2.0,2.0,2.2857142857142856,1.7994708216848811
West,2023-02-12,2.0,122.0,5595.23,2797.615,1.0,0.0,0.0,False,False,6.0,2.0,1,6,1,3.0,6.0,1.7142857142857142,0.7559289460184709
West,2023-03-01,3.0,183.33333333333334,16426.89,5475.63,2.0,0.0,0.0,True,False,2.0,3.0,0,2,0,0.0,0.0,0.42857142857142855,1.1338934190276941
West,2023-03-03,2.0,117.0,9824.869999999999,4912.4349999999995,1.0,0.0,0.0,True,False,4.0,3.0,0,4,0,0.0,0.0,0.7142857142857143,1.2535663410560285
West,2023-03-04,1.0,38.0,3932.93,3932.93,1.0,0.0,0.0,True,False,5.0,3.0,1,5,1,2.0,0.0,0.8571428571428571,1.214985792587923
West,2023-03-05,1.0,69.0,6668.85,6668.85,0.0,0.0,0.0,True,False,6.0,3.0,1,6,1,1.0,0.0,1.0,1.1547005383792632
West,2023-03-06,5.0,131.0,34091.53,6818.306,0.0,0.0,0.0,True,False,0.0,3.0,0,0,0,1.0,0.0,1.7142857142857142,1.7994708216848818
West,2023-03-07,2.0,205.0,18393.13,9196.565,0.0,0.0,0.0,True,False,1.0,3.0,0,1,0,5.0,0.0,2.0,1.6329931618554594
West,2023-03-08,4.0,183.25,13684.060000000001,3421.0150000000003,1.0,0.0,0.0,True,False,2.0,3.0,0,2,0,2.0,3.0,2.142857142857143,1.7728105208558433
West,2023-03-09,4.0,194.5,17917.559999999998,4479.389999999999,0.0,0.0,0.0,True,False,3.0,3.0,0,3,0,4.0,0.0,2.7142857142857144,1.6035674514745533
West,2023-03-10,3.0,137.66666666666666,20961.129999999997,6987.043333333332,1.0,0.0,0.0,True,False,4.0,3.0,0,4,0,4.0,2.0,2.857142857142857,1.5735915849388933
West,2023-03-11,1.0,108.0,4862.95,4862.95,0.0,0.0,0.0,False,True,5.0,3.0,1,5,1,3.0,1.0,2.857142857142857,1.5735915849388933
West,2023-03-12,2.0,147.5,9424.11,4712.055,0.0,0.0,0.0,False,False,6.0,3.0,1,6,1,1.0,1.0,3.0,1.4142135623731027
West,2023-04-01,3.0,117.33333333333333,18851.0,6283.666666666667,0.0,0.0,0.0,False,False,5.0,4.0,1,5,1,0.0,0.0,0.42857142857142855,1.1338934190276946
West,2023-04-02,3.0,116.66666666666667,14267.69,4755.8966666666665,1.0,0.0,0.0,False,False,6.0,4.0,1,6,1,3.0,0.0,0.8571428571428571,1.4638501094228094
West,2023-04-04,3.0,154.0,15145.83,5048.61,1.0,0.0,0.0,False,False,1.0,4.0,0,1,0,0.0,0.0,1.2857142857142858,1.6035674514745546
West,2023-04-05,3.0,162.66666666666666,12505.09,4168.363333333334,1.0,0.0,0.0,False,False,2.0,4.0,0,2,0,3.0,0.0,1.7142857142857142,1.6035674514745542
West,2023-04-06,5.0,132.8,35155.200000000004,7031.040000000001,1.0,0.0,0.0,False,False,3.0,4.0,0,3,0,3.0,0.0,2.4285714285714284,1.812653934349938
West,2023-04-07,1.0,124.0,4745.07,4745.07,0.0,0.0,0.0,False,False,4.0,4.0,0,4,0,5.0,0.0,2.5714285714285716,1.6183471874253812
West,2023-04-08,2.0,180.5,15349.29,7674.645,0.0,0.0,0.0,False,False,5.0,4.0,1,5,1,1.0,3.0,2.4285714285714284,1.6183471874253812
West,2023-04-09,4.0,134.75,24426.219999999998,6106.554999999999,2.0,0.0,0.0,False,False,6.0,4.0,1,6,1,2.0,3.0,2.5714285714285716,1.7182493859684558
West,2023-04-10,5.0,109.2,27561.82,5512.364,0.0,0.0,0.0,False,False,0.0,4.0,0,0,0,4.0,0.0,3.2857142857142856,1.4960264830861982
West,2023-04-11,3.0,141.66666666666666,10546.79,3515.596666666667,2.0,0.0,0.0,False,False,5.0,11.0,0,1,0,5.0,3.0,3.2857142857142856,1.4960264830861982
West,2023-04-12,4.0,132.0,23098.629999999997,5774.657499999999,0.0,0.0,0.0,False,False,0.0,12.0,0,2,0,3.0,3.0,3.4285714285714284,1.5118578920369157
West,2023-05-01,4.0,155.75,24677.34,6169.335,0.0,0.0,0.0,False,True,3.0,1.0,0,0,0,0.0,0.0,0.5714285714285714,1.511857892036918
West,2023-05-02,4.0,261.0,22423.18,5605.795,1.0,0.0,0.0,False,False,6.0,2.0,0,1,0,4.0,0.0,1.1428571428571428,1.9518001458970728
West,2023-05-03,1.0,77.0,1602.76,1602.76,0.0,0.0,0.0,False,False,6.0,3.0,0,2,0,4.0,0.0,1.2857142857142858,1.8898223650461428
West,2023-05-04,1.0,238.0,2770.19,2770.19,0.0,0.0,0.0,False,False,2.0,4.0,1,3,0,1.0,0.0,1.4285714285714286,1.8126539343499384
West,2023-05-05,1.0,206.0,6367.54,6367.54,0.0,0.0,0.0,False,False,4.0,5.0,0,4,0,1.0,0.0,1.5714285714285714,1.7182493859684564
West,2023-05-07,4.0,200.0,19618.260000000002,4904.5650000000005,0.0,0.0,0.0,False,False,2.0,7.0,0,6,1,0.0,0.0,2.142857142857143,1.7728105208558431
West,2023-05-08,1.0,210.0,2740.44,2740.44,1.0,0.0,0.0,False,False,5.0,8.0,0,0,0,4.0,4.0,1.7142857142857142,1.603567451474554
West,2023-05-09,2.0,185.5,8443.17,4221.585,0.0,0.0,0.0,False,False,1.0,9.0,0,1,0,1.0,4.0,1.4285714285714286,1.2724180205607134
West,2023-05-10,2.0,83.5,14146.5,7073.25,0.0,0.0,0.0,False,True,3.0,10.0,0,2,0,2.0,1.0,1.5714285714285714,1.2724180205607132
West,2023-05-11,2.0,145.5,12960.09,6480.045,0.0,0.0,0.0,False,False,6.0,11.0,0,3,0,2.0,1.0,1.7142857142857142,1.2535663410560272
West,2023-05-12,1.0,135.0,5670.96,5670.96,0.0,0.0,0.0,False,False,1.0,12.0,0,4,0,2.0,1.0,1.7142857142857142,1.2535663410560272
West,2023-06-01,3.0,104.33333333333333,9991.7,3330.566666666667,1.0,0.0,0.0,False,False,4.0,1.0,0,3,0,0.0,0.0,0.42857142857142855,1.1338934190276944
West,2023-06-02,3.0,138.33333333333334,18434.27,6144.756666666667,0.0,0.0,0.0,False,True,0.0,2.0,0,4,0,3.0,0.0,0.8571428571428571,1.4638501094228091
West,2023-06-03,2.0,185.0,13958.03,6979.015,0.0,0.0,0.0,False,False,0.0,3.0,0,5,1,3.0,0.0,1.1428571428571428,1.463850109422809
West,2023-06-04,2.0,178.0,13857.34,6928.67,0.0,0.0,0.0,False,False,3.0,4.0,0,6,1,2.0,0.0,1.4285714285714286,1.397276262011553
West,2023-06-05,3.0,191.0,20186.55,6728.849999999999,0.0,0.0,0.0,False,False,5.0,5.0,0,0,0,2.0,0.0,1.8571428571428572,1.3451854182691076
West,2023-06-06,5.0,157.2,28376.230000000003,5675.246000000001,2.0,0.0,0.0,False,False,1.0,6.0,0,1,0,3.0,0.0,2.5714285714285716,1.5118578920369161
West,2023-06-07,1.0,268.0,6664.19,6664.19,0.0,0.0,0.0,False,False,3.0,7.0,0,2,0,5.0,0.0,2.7142857142857144,1.253566341056026
West,2023-06-08,1.0,270.0,7031.81,7031.81,0.0,0.0,0.0,False,False,6.0,8.0,0,3,0,1.0,3.0,2.4285714285714284,1.397276262011552
West,2023-06-09,3.0,211.0,15626.590000000002,5208.863333333334,0.0,0.0,0.0,False,False,2.0,9.0,0,4,0,1.0,3.0,2.4285714285714284,1.397276262011552
West,2023-06-11,2.0,133.0,7859.610000000001,3929.8050000000003,1.0,0.0,0.0,False,False,0.0,11.0,0,6,1,0.0,2.0,2.142857142857143,1.6761634196950586
West,2023-06-12,1.0,103.0,8637.48,8637.48,0.0,0.0,0.0,False,False,2.0,12.0,0,0,0,2.0,3.0,1.8571428571428572,1.676163419695059
West,2023-07-01,3.0,139.0,20260.55,6753.516666666666,1.0,0.0,0.0,False,False,5.0,1.0,0,5,1,0.0,0.0,0.42857142857142855,1.1338934190276952
West,2023-07-02,1.0,150.0,7828.09,7828.09,1.0,0.0,0.0,False,False,1.0,2.0,0,6,1,3.0,0.0,0.5714285714285714,1.133893419027695
West,2023-07-03,2.0,113.0,12903.34,6451.67,0.0,0.0,0.0,False,False,1.0,3.0,1,0,0,1.0,0.0,0.8571428571428571,1.2149857925879235
West,2023-07-04,6.0,153.33333333333334,29586.269999999997,4931.044999999999,1.0,0.0,0.0,False,False,4.0,4.0,0,1,0,2.0,0.0,1.7142857142857142,2.2146697055682885
West,2023-07-05,2.0,92.0,9482.699999999999,4741.349999999999,0.0,0.0,0.0,False,False,6.0,5.0,0,2,0,6.0,0.0,2.0,2.0816659994661384
West,2023-07-06,4.0,235.0,19048.770000000004,4762.192500000001,1.0,0.0,0.0,False,True,2.0,6.0,0,3,0,2.0,0.0,2.5714285714285716,1.9880595947760151
West,2023-07-07,1.0,253.0,8385.65,8385.65,0.0,0.0,0.0,False,False,4.0,7.0,0,4,0,4.0,0.0,2.7142857142857144,1.7994708216848805
West,2023-07-08,1.0,195.0,4927.16,4927.16,0.0,0.0,0.0,False,False,0.0,8.0,0,5,1,1.0,3.0,2.4285714285714284,1.9023794624226895
West,2023-07-09,5.0,166.4,26138.55,5227.71,0.0,0.0,0.0,False,True,3.0,9.0,0,6,1,1.0,1.0,3.0,2.000000000000005
West,2023-07-10,3.0,187.66666666666666,22283.8,7427.933333333333,0.0,0.0,0.0,False,False,5.0,10.0,0,0,0,5.0,2.0,3.142857142857143,1.9518001458970713
West,2023-07-11,4.0,187.75,26457.67,6614.4175,0.0,0.0,0.0,False,False,1.0,11.0,0,1,0,3.0,6.0,2.857142857142857,1.5735915849388926
West,2023-07-12,1.0,196.0,9490.42,9490.42,0.0,0.0,0.0,False,True,3.0,12.0,1,2,0,4.0,2.0,2.7142857142857144,1.7043362064926992
West,2023-08-01,1.0,65.0,3250.15,3250.15,0.0,0.0,0.0,False,False,6.0,1.0,0,1,0,0.0,0.0,0.14285714285714285,0.3779644730092685
West,2023-08-02,3.0,147.33333333333334,18711.730000000003,6237.243333333335,1.0,0.0,0.0,False,True,2.0,2.0,0,2,0,1.0,0.0,0.5714285714285714,1.1338934190276946
West,2023-08-03,3.0,178.0,22058.639999999996,7352.879999999998,0.0,0.0,0.0,False,False,2.0,3.0,1,3,0,3.0,0.0,1.0,1.4142135623731047
West,2023-08-04,6.0,190.33333333333334,29870.65,4978.441666666667,0.0,0.0,0.0,False,False,5.0,4.0,0,4,0,3.0,0.0,1.8571428571428572,2.2677868380553687
West,2023-08-05,1.0,191.0,5186.85,5186.85,1.0,0.0,0.0,False,False,0.0,5.0,0,5,1,6.0,0.0,2.0,2.1602468994692923
West,2023-08-06,7.0,192.14285714285714,41888.04,5984.005714285714,0.0,0.0,0.0,False,False,3.0,6.0,1,6,1,1.0,0.0,3.0,2.6457513110645943
West,2023-08-08,1.0,157.0,2245.98,2245.98,0.0,0.0,0.0,False,False,1.0,8.0,0,1,0,0.0,1.0,3.0,2.6457513110645943
West,2023-08-09,5.0,190.0,27564.52,5512.904,0.0,0.0,0.0,False,False,4.0,9.0,0,2,0,1.0,3.0,3.2857142857142856,2.751622897751178
West,2023-08-10,5.0,183.4,19326.0,3865.2,2.0,0.0,0.0,False,False,6.0,10.0,0,3,0,5.0,3.0,3.5714285714285716,2.819996622760561
West,2023-08-11,2.0,73.5,11669.5,5834.75,0.0,0.0,0.0,False,False,2.0,11.0,0,4,0,5.0,6.0,3.0,2.6457513110645943
West,2023-09-01,2.0,181.0,6550.14,3275.07,0.0,0.0,0.0,False,False,0.0,1.0,0,4,0,0.0,0.0,0.2857142857142857,0.7559289460184754
West,2023-09-02,6.0,175.5,32205.789999999997,5367.631666666666,0.0,0.0,0.0,False,False,3.0,2.0,0,5,1,2.0,0.0,1.1428571428571428,2.2677868380553696
West,2023-09-03,2.0,202.0,13592.04,6796.02,0.0,0.0,0.0,True,False,3.0,3.0,0,6,1,6.0,0.0,1.4285714285714286,2.2253945610567536
West,2023-09-04,1.0,206.0,8817.01,8817.01,1.0,0.0,0.0,False,True,6.0,4.0,0,0,0,2.0,0.0,1.5714285714285714,2.149196970742246
West,2023-09-05,2.0,158.0,16461.37,8230.685,0.0,0.0,0.0,False,False,1.0,5.0,0,1,0,1.0,0.0,1.8571428571428572,2.035400978396436
West,2023-09-07,2.0,222.5,10680.09,5340.045,1.0,0.0,0.0,False,False,6.0,7.0,0,3,0,0.0,0.0,2.142857142857143,1.8644544714716156
West,2023-09-08,3.0,107.66666666666667,21740.59,7246.863333333334,1.0,0.0,0.0,False,False,2.0,8.0,0,4,0,2.0,2.0,2.2857142857142856,1.8898223650461425
West,2023-09-09,2.0,135.0,9019.94,4509.97,0.0,0.0,0.0,False,False,5.0,9.0,0,5,1,3.0,6.0,1.7142857142857142,0.9511897312113552
West,2023-09-10,3.0,125.33333333333333,20293.22,6764.406666666667,0.0,0.0,0.0,False,False,0.0,10.0,0,6,1,2.0,2.0,1.8571428571428572,1.0690449676497094
West,2023-09-11,3.0,188.33333333333334,23720.66,7906.886666666666,1.0,0.0,0.0,False,False,3.0,11.0,0,0,0,3.0,1.0,2.142857142857143,1.069044967649709
West,2023-09-12,3.0,195.0,18441.15,6147.05,1.0,0.0,0.0,False,False,5.0,12.0,0,1,0,3.0,2.0,2.2857142857142856,1.1126972805283843
West,2023-10-01,2.0,104.0,15572.11,7786.055,1.0,0.0,0.0,False,False,1.0,1.0,0,6,1,0.0,0.0,0.2857142857142857,0.7559289460184743
West,2023-10-02,3.0,194.66666666666666,15322.39,5107.463333333333,0.0,0.0,0.0,False,False,4.0,2.0,0,0,0,2.0,0.0,0.7142857142857143,1.2535663410560287
West,2023-10-03,2.0,266.0,15274.62,7637.31,0.0,0.0,0.0,False,False,4.0,3.0,0,1,0,3.0,0.0,1.0,1.2909944487358163
West,2023-10-04,4.0,225.75,10978.33,2744.5825,0.0,0.0,0.0,False,False,0.0,4.0,0,2,0,2.0,0.0,1.5714285714285714,1.6183471874253819
West,2023-10-05,2.0,250.5,13047.2,6523.6,0.0,0.0,0.0,False,False,2.0,5.0,1,3,0,4.0,0.0,1.8571428571428572,1.463850109422808
West,2023-10-06,1.0,136.0,9523.36,9523.36,0.0,0.0,0.0,False,False,5.0,6.0,0,4,0,2.0,0.0,2.0,1.290994448735815
West,2023-10-07,6.0,195.83333333333334,36075.439999999995,6012.573333333333,1.0,0.0,0.0,False,False,0.0,7.0,0,5,1,1.0,0.0,2.857142857142857,1.6761634196950579
West,2023-10-08,2.0,139.0,9536.71,4768.355,0.0,0.0,0.0,False,False,3.0,8.0,0,6,1,6.0,2.0,2.857142857142857,1.6761634196950579
West,2023-10-09,3.0,88.66666666666667,9316.85,3105.616666666667,2.0,0.0,0.0,False,False,6.0,9.0,0,0,0,2.0,3.0,2.857142857142857,1.6761634196950579
West,2023-10-10,2.0,94.5,17932.45,8966.225,0.0,0.0,0.0,False,False,1.0,10.0,0,1,0,3.0,2.0,2.857142857142857,1.6761634196950579
West,2023-10-11,1.0,199.0,5445.89,5445.89,0.0,0.0,0.0,False,False,4.0,11.0,0,2,0,2.0,4.0,2.4285714285714284,1.7182493859684558
West,2023-10-12,2.0,99.0,8408.76,4204.38,2.0,0.0,0.0,False,False,6.0,12.0,0,3,0,1.0,2.0,2.4285714285714284,1.7182493859684558
West,2023-11-01,1.0,226.0,7749.2,7749.2,0.0,0.0,0.0,False,False,2.0,1.0,0,2,0,0.0,0.0,0.14285714285714285,0.3779644730092702
West,2023-11-02,4.0,88.75,30504.31,7626.0775,1.0,0.0,0.0,False,False,5.0,2.0,0,3,0,1.0,0.0,0.7142857142857143,1.4960264830862011
West,2023-11-03,3.0,149.66666666666666,9644.42,3214.806666666667,1.0,0.0,0.0,False,False,5.0,3.0,0,4,0,4.0,0.0,1.1428571428571428,1.6761634196950599
West,2023-11-04,3.0,215.33333333333334,17416.1,5805.366666666666,1.0,0.0,0.0,False,False,1.0,4.0,0,5,1,3.0,0.0,1.5714285714285714,1.7182493859684569
West,2023-11-05,2.0,194.5,10324.51,5162.255,1.0,0.0,0.0,False,False,3.0,5.0,0,6,1,3.0,0.0,1.8571428571428572,1.5735915849388942
West,2023-11-06,1.0,194.0,8412.93,8412.93,0.0,0.0,0.0,False,False,6.0,6.0,0,0,0,2.0,0.0,2.0,1.4142135623731036
West,2023-11-07,4.0,47.25,19414.15,4853.5375,1.0,0.0,0.0,False,False,1.0,7.0,0,1,0,1.0,0.0,2.5714285714285716,1.272418020560712
West,2023-11-08,2.0,58.0,16043.289999999999,8021.6449999999995,0.0,0.0,0.0,False,False,4.0,8.0,0,2,0,4.0,1.0,2.7142857142857144,1.1126972805283828
West,2023-11-09,1.0,187.0,3803.46,3803.46,1.0,0.0,0.0,True,False,0.0,9.0,0,3,0,2.0,4.0,2.2857142857142856,1.1126972805283837
West,2023-11-10,4.0,94.0,22089.1,5522.275,0.0,0.0,0.0,False,False,2.0,10.0,1,4,0,1.0,3.0,2.4285714285714284,1.2724180205607123
West,2023-12-03,4.0,220.25,20344.120000000003,5086.030000000001,1.0,0.0,0.0,False,False,6.0,3.0,0,6,1,0.0,0.0,0.5714285714285714,1.5118578920369197
West,2023-12-04,1.0,213.0,7415.94,7415.94,0.0,0.0,0.0,True,False,2.0,4.0,0,0,0,4.0,0.0,0.7142857142857143,1.4960264830862018
West,2023-12-05,3.0,195.66666666666666,18552.29,6184.096666666667,0.0,0.0,0.0,False,False,4.0,5.0,0,1,0,1.0,0.0,1.1428571428571428,1.6761634196950603
West,2023-12-06,3.0,107.66666666666667,7479.29,2493.096666666667,2.0,0.0,0.0,False,False,0.0,6.0,0,2,0,3.0,0.0,1.5714285714285714,1.7182493859684569
West,2023-12-07,2.0,68.5,7862.41,3931.205,1.0,0.0,0.0,False,False,2.0,7.0,0,3,0,3.0,0.0,1.8571428571428572,1.5735915849388944
West,2023-12-08,2.0,98.0,8277.59,4138.795,0.0,0.0,0.0,False,False,5.0,8.0,0,4,0,2.0,0.0,2.142857142857143,1.3451854182691074
West,2023-12-09,5.0,202.6,31929.940000000002,6385.988,1.0,0.0,0.0,False,False,1.0,9.0,0,5,1,2.0,0.0,2.857142857142857,1.3451854182691056
West,2023-12-10,4.0,165.75,27216.190000000002,6804.047500000001,1.0,0.0,0.0,False,False,3.0,10.0,0,6,1,5.0,4.0,2.857142857142857,1.3451854182691056
West,2023-12-11,1.0,135.0,9545.69,9545.69,0.0,0.0,0.0,False,False,6.0,11.0,0,0,0,4.0,1.0,2.857142857142857,1.3451854182691056
West,2023-12-12,2.0,267.0,14641.599999999999,7320.799999999999,0.0,0.0,0.0,False,False,1.0,12.0,0,1,0,1.0,3.0,2.7142857142857144,1.3801311186847156
